filename,included,reason,file_type,numeric_points,x_min_cm-1,x_max_cm-1,median_spacing_cm-1,intensity_min,intensity_max,intensity_mean,l2_norm,metadata_or_blank_lines,grid_flag
AKSHAYA K-ALPHA FC_BACTERIA_D2.txt,False,explicit BACTERIA label,.txt,1957,400.0,3500.0,1.584899999999834,855.75482,2397.771,963.1931433418498,42676.284636812634,0,
Amul full cream after heating 532nm 50% 600g 50xL 10s 10times 400-3500cm-1 200hole.txt,True,non-bacterial/control,.txt,2118,400.17,3499.68,1.4500000000002728,4630.87,45878.0,15874.010424929178,838278.6174840975,46,
Amul full cream basic 532nm 50% 600g 50xL 10s 10times 400-3500cm-1 200hole.txt,True,non-bacterial/control,.txt,2118,400.083,3499.09,1.4500000000002728,5346.99,27465.7,13914.12652974504,726505.2578469705,46,
Amul full cream Cold 532nm 50% 600g 50xL 10s 10times 400-3500cm-1 200hole.txt,True,non-bacterial/control,.txt,2118,400.083,3499.09,1.4500000000002728,5666.03,35422.5,16708.527082152974,857280.325704309,46,
Amul full cream RT 532nm 50% 600g 50xL 10s 10times 400-3500cm-1 200hole.txt,True,non-bacterial/control,.txt,2118,400.17,3499.68,1.4500000000002728,4314.23,21923.8,10998.6638101983,566156.1368504988,46,
Amul full cream RT after 24h 532nm 50% 600g 50xL 10s 10times 400-3500cm-1 200hole.txt,True,non-bacterial/control,.txt,2118,400.083,3499.09,1.4500000000002728,2539.71,15214.7,7599.730047214352,401822.20166525897,46,
AMUL TAZA TONED_BACTERIA_D2.txt,False,explicit BACTERIA label,.txt,1957,400.0,3500.0,1.584899999999834,918.98523,1590.3473,1071.8723535258048,47485.93818825779,0,
Amul toned milk after heating 532nm 50% 600g 50xL 10s 10times 400-3500cm-1 200hole.txt,True,non-bacterial/control,.txt,2118,400.17,3499.68,1.4500000000002728,7021.78,29712.1,17293.18394239849,893653.1514927113,46,
Amul toned milk basic 532nm 50% 600g 50xL 10s 10times 400-3500cm-1 200hole.txt,True,non-bacterial/control,.txt,2118,400.083,3499.09,1.4500000000002728,9743.62,44465.7,27182.240316336167,1376827.7577765349,46,
Amul toned milk Cold 532nm 50% 600g 50xL 10s 10times 400-3500cm-1 200hole.txt,True,non-bacterial/control,.txt,2118,400.083,3499.09,1.4500000000002728,10764.7,38487.2,25630.465911237017,1257363.0089506132,46,
Amul toned milk RT 532nm 50% 600g 50xL 10s 10times 400-3500cm-1 200hole.txt,True,non-bacterial/control,.txt,2118,400.17,3499.68,1.4500000000002728,10509.5,42943.6,27116.38966005666,1347618.0375491232,46,
Amul toned milk RT after 24h 532nm 50% 600g 50xL 10s 10times 400-3500cm-1 200hole.txt,True,non-bacterial/control,.txt,2118,400.083,3499.09,1.4500000000002728,11700.1,50159.1,31531.619593956562,1582992.2896074287,46,
AMUL TONED_BACTERIA_D2.txt,False,explicit BACTERIA label,.txt,1957,400.0,3500.0,1.584899999999834,876.07501,1971.2233,996.5647650638733,44154.4785174703,0,
HERITAGE FC LC -BACTERIA-D2.txt,False,explicit BACTERIA label,.txt,1957,400.0,3500.0,1.584899999999834,905.33234,1289.5828,1045.1339288758302,46281.86033321606,0,
HERITAGE FC-BACTERIA-D2.txt,False,explicit BACTERIA label,.txt,1957,400.0,3500.0,1.584899999999834,956.2663,1524.7385,1130.7701388656108,50099.388772320795,0,
Heritage full cream basic 532nm 50% 600g 50xL 10s 10times 400-3500cm-1 200hole.txt,True,non-bacterial/control,.txt,2118,400.083,3499.09,1.4500000000002728,6395.1,17790.3,10781.697936732766,524522.7417015079,46,
Heritage full cream Cold 532nm 50% 600g 50xL 10s 10times 400-3500cm-1 100hole.txt,True,non-bacterial/control,.txt,2118,400.083,3499.09,1.4500000000002728,6295.78,26592.7,14912.559754485364,762260.2076967796,46,
Heritage full cream RT 532nm 100% 600g 50xL 10s 10times 400-3500cm-1.txt,True,non-bacterial/control,.txt,2118,400.17,3499.68,1.4500000000002728,10836.1,29917.2,19251.746364494804,923408.9637337403,46,
Heritage full cream RT 532nm 50% 600g 50xL 10s 10times 400-3500cm-1 100hole after heating.txt,True,non-bacterial/control,.txt,2118,400.17,3499.68,1.4500000000002728,6351.59,20917.1,12342.61552407932,615236.8364384411,46,
Heritage full cream RT 532nm 50% 600g 50xL 10s 10times 400-3500cm-1 100hole.txt,True,non-bacterial/control,.txt,2118,400.17,3499.68,1.4500000000002728,6583.59,28848.7,15692.083564683664,802295.4832975117,46,
Heritage full cream RT 633nm 100% 600g 50xL 10s 10times 400-3500cm-1.txt,True,non-bacterial/control,.txt,2118,400.17,3499.68,1.4500000000002728,10836.1,29917.2,19251.746364494804,923408.9637337403,46,
Heritage full cream RT 785nm 100% 600g 50xL 10s 10times 400-3500cm-1.txt,True,non-bacterial/control,.txt,5424,400.049,3499.92,0.5599999999999454,115.83,1757.82,381.95792053834805,37408.12192176665,46,DIFFERS
Heritage full cream RT after 24h 532nm 50% 600g 50xL 10s 10times 400-3500cm-1 200hole.txt,True,non-bacterial/control,.txt,2118,400.083,3499.09,1.4500000000002728,7974.96,30539.7,18125.3537299339,898412.7337634148,46,
Heritage special 532nm 50% 600g 50xL 10s 10times 400-3500cm-1 200hole after heating.txt,True,non-bacterial/control,.txt,2118,400.083,3499.09,1.4500000000002728,6901.94,31338.1,19358.7807223796,973240.3924498799,46,
Heritage special acidic 532nm 50% 600g 50xL 10s 10times 400-3500cm-1 200hole.txt,True,non-bacterial/control,.txt,2118,400.083,3499.09,1.4500000000002728,3672.16,13218.5,7814.982436260622,390897.2254328832,46,
Heritage special basic 532nm 50% 600g 50xL 10s 10times 400-3500cm-1 200hole.txt,True,non-bacterial/control,.txt,2118,400.083,3499.09,1.4500000000002728,5889.33,24838.0,15719.115741265345,780966.4254660425,46,
Heritage special RT 532nm 50% 600g 50xL 10s 10times 400-3500cm-1 200hole.txt,True,non-bacterial/control,.txt,2118,400.083,3499.09,1.4500000000002728,6127.95,22548.3,14435.891822474032,713570.0161652253,46,
Heritage special RT 532nm 50% 600g 50xL 10s 10times 400-3500cm-1 200hole_Re.txt,True,non-bacterial/control,.txt,2118,400.083,3499.09,1.4500000000002728,6588.74,25950.9,16005.423720491028,798083.6629123767,46,
Heritage special RT after 24 h 532nm 50% 600g 50xL 10s 10times 400-3500cm-1 200hole.txt,True,non-bacterial/control,.txt,2118,400.083,3499.09,1.4500000000002728,7977.39,36611.8,22189.539178470255,1119492.1247831376,46,
HERITAGE SPECIAL_BACTERIA_D2.txt,False,explicit BACTERIA label,.txt,1957,400.0,3500.0,1.584899999999834,930.12128,2197.2659,1097.5251321512521,48647.42624041617,0,
Heritage toned after heating 532nm 50% 600g 50xL 10s 10times 400-3500cm-1 200hole.txt,True,non-bacterial/control,.txt,2118,400.17,3499.68,1.4500000000002728,4346.89,24791.8,12416.33036355052,657790.1147268938,46,
Heritage toned basic 532nm 50% 600g 50xL 10s 10times 400-3500cm-1 200hole.txt,True,non-bacterial/control,.txt,2118,400.083,3499.09,1.4500000000002728,4752.92,19408.0,9890.439546742211,504352.3936300349,46,
Heritage toned Cold 532nm 50% 600g 50xL 10s 10times 400-3500cm-1 200hole.txt,True,non-bacterial/control,.txt,2118,400.083,3499.09,1.4500000000002728,4519.15,22963.3,11685.883172804533,607743.6103786924,46,
Heritage toned RT 532nm 50% 600g 50xL 10s 10times 400-3500cm-1 200hole.txt,True,non-bacterial/control,.txt,2118,400.17,3499.68,1.4500000000002728,3871.48,23022.2,10783.956978281396,578853.9284818813,46,
Heritage toned RT after 24h 532nm 50% 600g 50xL 10s 10times 400-3500cm-1 200hole.txt,True,non-bacterial/control,.txt,2118,400.083,3499.09,1.4500000000002728,2480.36,14581.5,7035.545472143531,373822.3906977105,46,
HERITAGE TONED_BACTERIA_D2.txt,False,explicit BACTERIA label,.txt,1957,400.0,3500.0,1.584899999999834,909.854,1322.8877,1051.0054563617782,46546.6127764094,0,
Nandani full cream after heating 532nm 50% 600g 50xL 10s 10times 400-3500cm-1 200hole.txt,True,non-bacterial/control,.txt,2118,400.17,3499.68,1.4500000000002728,2110.58,20444.1,8173.126779981114,444822.4725592507,46,
Nandani full cream basic 532nm 50% 600g 50xL 10s 10times 400-3500cm-1 200hole.txt,True,non-bacterial/control,.txt,2118,400.083,3499.09,1.4500000000002728,4201.91,30598.8,11426.112162417376,600892.2421272998,46,
Nandani full cream Cold 532nm 50% 600g 50xL 10s 10times 400-3500cm-1 200hole.txt,True,non-bacterial/control,.txt,2118,400.083,3499.09,1.4500000000002728,4071.4,27882.3,11517.279282341833,604994.7545049516,46,
Nandani full cream RT 532nm 50% 600g 50xL 10s 10times 400-3500cm-1 200hole.txt,True,non-bacterial/control,.txt,2118,400.17,3499.68,1.4500000000002728,331.418,26677.4,11475.40866855524,625547.6176848727,46,
Nandani full cream RT after 24 h 532nm 50% 600g 50xL 10s 10times 400-3500cm-1 200hole.txt,True,non-bacterial/control,.txt,2118,400.083,3499.09,1.4500000000002728,4596.08,22624.2,11625.126189801702,585955.9727811129,46,
Nandani toned milk basic 532nm 50% 600g 50xL 10s 10times 400-3500cm-1 200hole.txt,True,non-bacterial/control,.txt,2118,400.083,3499.09,1.4500000000002728,8710.55,35539.7,21321.006515580735,1020777.4563836848,46,
Nandani toned milk Cold 532nm 50% 600g 50xL 10s 10times 400-3500cm-1 200hole.txt,True,non-bacterial/control,.txt,2118,400.083,3499.09,1.4500000000002728,4814.72,25060.8,12893.332870632674,664256.1800776728,46,
Nandani toned milk RT 532nm 50% 600g 50xL 10s 10times 400-3500cm-1 200hole after heating.txt,True,non-bacterial/control,.txt,2118,400.17,3499.68,1.4500000000002728,3089.21,21528.5,10333.343663833806,553637.9198210667,46,
Nandani toned milk RT 532nm 50% 600g 50xL 10s 10times 400-3500cm-1 200hole.txt,True,non-bacterial/control,.txt,2118,400.17,3499.68,1.4500000000002728,3067.03,20968.5,10554.031709159583,558272.2440384164,46,
Nandani toned milk RT after 24 h 532nm 50% 600g 50xL 10s 10times 400-3500cm-1 200hole.txt,True,non-bacterial/control,.txt,2118,400.083,3499.09,1.4500000000002728,2389.3,14740.7,7374.68626062323,385396.02756197995,46,
Nandani toned milk RT after 24h 532nm 50% 600g 50xL 10s 10times 400-3500cm-1 200hole.txt,True,non-bacterial/control,.txt,2118,400.083,3499.09,1.4500000000002728,11580.3,37709.5,24672.708404154862,1173825.953409627,46,
NANDHINI FC-BACTERIA-D2.txt,False,explicit BACTERIA label,.txt,1957,400.0,3500.0,1.584899999999834,849.06891,2517.0671,955.9142793203883,42355.09534351081,0,
NANDHINI TONED_BACTERIA_D2.txt,False,explicit BACTERIA label,.txt,1957,400.0,3500.0,1.584899999999834,843.39453,1161.7515,933.5812504803271,41334.59214746879,0,
NANDHINI TONED_NON BACTERIA_D2.txt,True,non-bacterial/control,.txt,1957,400.0,3500.0,1.584899999999834,947.28046,2806.1257,1084.9216985794583,48095.52416380087,0,DIFFERS
Nestle toned milk after heating 532nm 50% 600g 50xL 7s 20times 400-3500cm-1 200hole.txt,True,non-bacterial/control,.txt,2118,400.17,3499.68,1.4500000000002728,7929.0,37921.7,23819.760698772425,1198598.710885111,46,
Nestle toned milk basic 532nm 50% 600g 50xL 7s 20times 400-3500cm-1 200hole.txt,True,non-bacterial/control,.txt,2118,400.083,3499.09,1.4500000000002728,4501.84,24938.6,15031.246610009443,767026.2705298781,46,
Nestle toned milk Cold 532nm 50% 600g 50xL 7s 20times 400-3500cm-1 200hole.txt,True,non-bacterial/control,.txt,2118,400.083,3499.09,1.4500000000002728,7071.49,35568.8,21238.303413597732,1086762.9174434613,46,
Nestle toned milk RT 532nm 50% 600g 50xL 7s 20times 400-3500cm-1 200hole.txt,True,non-bacterial/control,.txt,2118,400.17,3499.68,1.4500000000002728,5972.1,30395.6,18417.410840415483,936508.3319237027,46,
